<?xml version="1.0" encoding="UTF-8"?>
<beans:beans xmlns="http://www.springframework.org/schema/security"
	xmlns:xsi="http://www.w3.org/2001/XMLSchema-instance" xmlns:p="http://www.springframework.org/schema/p"
	xmlns:aop="http://www.springframework.org/schema/aop" xmlns:context="http://www.springframework.org/schema/context"
	xmlns:jee="http://www.springframework.org/schema/jee" xmlns:tx="http://www.springframework.org/schema/tx"
	xmlns:util="http://www.springframework.org/schema/util" xmlns:mvc="http://www.springframework.org/schema/mvc"
	xmlns:tool="http://www.springframework.org/schema/tool" xmlns:beans="http://www.springframework.org/schema/beans"
	xsi:schemaLocation="
			http://www.springframework.org/schema/aop http://www.springframework.org/schema/aop/spring-aop-4.0.xsd
			http://www.springframework.org/schema/beans http://www.springframework.org/schema/beans/spring-beans-4.0.xsd
			http://www.springframework.org/schema/context http://www.springframework.org/schema/context/spring-context-4.0.xsd
			http://www.springframework.org/schema/jee http://www.springframework.org/schema/jee/spring-jee-4.0.xsd
			http://www.springframework.org/schema/tx http://www.springframework.org/schema/tx/spring-tx-4.0.xsd
			http://www.springframework.org/schema/util http://www.springframework.org/schema/util/spring-util-4.0.xsd
			http://www.springframework.org/schema/mvc http://www.springframework.org/schema/mvc/spring-mvc-4.0.xsd
			http://www.springframework.org/schema/tool http://www.springframework.org/schema/tool/spring-tool-4.0.xsd
			http://www.springframework.org/schema/security http://www.springframework.org/schema/security/spring-security-3.2.xsd"
	default-lazy-init="true">

	<http security="none" pattern="/static/**" />
	<http security="none" pattern="/**/*.jsp" />

	<http auto-config='true' access-decision-manager-ref="accessDecisionManager" access-denied-page="/login"
		use-expressions="true">
		<logout logout-url="/logout" invalidate-session="true"
			logout-success-url="/login" />


		<form-login login-page="/login" authentication-failure-url="/login?error=1"
			login-processing-url="/j_spring_security_check" password-parameter="j_password"
			username-parameter="j_username" />


		<intercept-url pattern="/**/*.do*" access="hasRole('ROLE_USER')" />
		<intercept-url pattern="/**/*.htm" access="hasRole('ROLE_ADMIN')" />

		<session-management session-fixation-protection="changeSessionId">
			<concurrency-control max-sessions="1"
				expired-url="/access/sameLogin.do" />
		</session-management>

		<remember-me key="webmvc#FD637E6D9C0F1A5A67082AF56CE32485"
			remember-me-parameter="remember-me" />
	</http>

	<!-- 启用表达式 为了后面的投票器做准备 -->
	<beans:bean
		class="org.springframework.security.web.access.expression.DefaultWebSecurityExpressionHandler"
		id="expressionHandler" />
	<beans:bean
		class="org.springframework.security.web.access.expression.WebExpressionVoter"
		id="expressionVoter">
		<beans:property name="expressionHandler" ref="expressionHandler" />
	</beans:bean>

	<!-- Automatically receives AuthenticationEvent messages -->
	<beans:bean id="loggerListener"
		class="org.springframework.security.authentication.event.LoggerListener" />
	<beans:bean id="authorizationListener"
		class="org.springframework.security.access.event.LoggerListener" />

	<!-- 认证管理器，使用自定义的UserDetailsService，并对密码采用md5加密 -->
	<authentication-manager>
		<authentication-provider user-service-ref="userService">
			<password-encoder hash="md5" />
		</authentication-provider>
	</authentication-manager>





	<beans:bean id="userService" class="web.security.CP_UserDetailsService" />

	<beans:bean id="accessDecisionManager"
		class="org.springframework.security.access.vote.AffirmativeBased">
		<beans:property name="decisionVoters">
			<beans:list>
				<beans:bean class="org.springframework.security.access.vote.RoleVoter" />
				<beans:bean
					class="org.springframework.security.access.vote.AuthenticatedVoter" />
				<beans:ref bean="expressionVoter" />
			</beans:list>
		</beans:property>
	</beans:bean>

</beans:beans>